subject,n_test,thr_used,rejection_rate,coverage,acc_accept,ba_accept,acc_forced,ba_forced,ece,experts_kept
subject 28,15,0.5129804039885404,0.13333333333333333,0.8666666666666667,0.6923076923076923,0.7142857142857143,0.6666666666666666,0.6785714285714286,0.12275162536919504,bag|svm|xgb|rf|mlp
