subject,n_test,thr_used,rejection_rate,coverage,acc_accept,ba_accept,acc_forced,ba_forced,ece,experts_kept
subject 10,15,0.5278610167432551,0.13333333333333333,0.8666666666666667,0.6923076923076923,0.7023809523809523,0.6666666666666666,0.6696428571428572,0.13792699213394072,svm|xgb|rf|mlp
