subject,n_test,thr_used,rejection_rate,coverage,acc_accept,ba_accept,acc_forced,ba_forced,ece,experts_kept
subject 15,15,0.5095492790244426,0.13333333333333333,0.8666666666666667,0.7692307692307693,0.7619047619047619,0.6666666666666666,0.6607142857142857,0.31816440381841415,bag|svm|rf|mlp
