subject,n_test,thr_used,rejection_rate,coverage,acc_accept,ba_accept,acc_forced,ba_forced,ece,experts_kept
subject 25,15,0.5362843951574624,0.2,0.8,0.6666666666666666,0.7142857142857143,0.7333333333333333,0.75,0.15993409291742494,bag|svm|rf|mlp
