subject,n_test,thr_used,rejection_rate,coverage,acc_accept,ba_accept,acc_forced,ba_forced,ece,experts_kept
subject 08,15,0.5565501913612237,0.2,0.8,0.8333333333333334,0.8333333333333334,0.7333333333333333,0.7410714285714286,0.15830976947240377,bag|svm|xgb|rf|mlp
