subject,n_test,thr_used,rejection_rate,coverage,acc_accept,ba_accept,acc_forced,ba_forced,ece,experts_kept
subject 16,15,0.5364869396650198,0.2,0.8,0.6666666666666666,0.6666666666666666,0.7333333333333333,0.75,0.16132913751746597,bag|xgb|mlp
