subject,n_test,thr_used,rejection_rate,coverage,acc_accept,ba_accept,acc_forced,ba_forced,ece,experts_kept
subject 17,15,0.5222104287570245,0.2,0.8,0.75,0.7857142857142857,0.6666666666666666,0.6696428571428572,0.28439156326752696,bag|xgb|rf|mlp
