subject,n_test,thr_used,rejection_rate,coverage,acc_accept,ba_accept,acc_forced,ba_forced,ece,experts_kept
subject 03,15,0.5017419294874343,0.06666666666666667,0.9333333333333333,0.7142857142857143,0.7142857142857142,0.7333333333333333,0.7232142857142857,0.2219940164303279,bag|svm|xgb|rf|mlp
