subject,n_test,thr_used,rejection_rate,coverage,acc_accept,ba_accept,acc_forced,ba_forced,ece,experts_kept
subject 16,15,0.506438155668592,0.13333333333333333,0.8666666666666667,0.6923076923076923,0.7142857142857143,0.6,0.6160714285714286,0.1227065808599041,bag|xgb|rf|mlp
