subject,n_test,thr_used,rejection_rate,coverage,acc_accept,ba_accept,acc_forced,ba_forced,ece,experts_kept
subject 12,15,0.505255793319175,0.13333333333333333,0.8666666666666667,0.8461538461538461,0.8571428571428572,0.8666666666666667,0.875,0.32428451430391375,bag|svm|xgb|mlp
