subject,n_test,thr_used,rejection_rate,coverage,acc_accept,ba_accept,acc_forced,ba_forced,ece,experts_kept
subject 08,15,0.5071345922336684,0.06666666666666667,0.9333333333333333,0.7857142857142857,0.7857142857142857,0.7333333333333333,0.7410714285714286,0.15879090281201896,bag|svm|xgb|rf|mlp
