subject,n_test,thr_used,rejection_rate,coverage,acc_accept,ba_accept,acc_forced,ba_forced,ece,experts_kept
subject 05,15,0.5114101269280381,0.13333333333333333,0.8666666666666667,0.6153846153846154,0.6125,0.6666666666666666,0.6696428571428572,0.12413050098211498,bag|svm|xgb|rf|mlp
