subject,n_test,thr_used,rejection_rate,coverage,acc_accept,ba_accept,acc_forced,ba_forced,ece,experts_kept
subject 22,15,0.5312166760127522,0.13333333333333333,0.8666666666666667,0.7692307692307693,0.7857142857142857,0.6666666666666666,0.6785714285714286,0.26249145739145585,bag|svm|xgb|rf
