subject,n_test,thr_used,rejection_rate,coverage,acc_accept,ba_accept,acc_forced,ba_forced,ece,experts_kept
subject 23,15,0.5379060083651439,0.13333333333333333,0.8666666666666667,0.6923076923076923,0.6785714285714286,0.7333333333333333,0.7410714285714286,0.28075622510149734,bag|svm|xgb|rf|mlp
