subject,n_test,thr_used,rejection_rate,coverage,acc_accept,ba_accept,acc_forced,ba_forced,ece,experts_kept
subject 22,15,0.5039201673123899,0.06666666666666667,0.9333333333333333,0.7142857142857143,0.7142857142857143,0.7333333333333333,0.7321428571428572,0.202854830848197,bag|svm|xgb|rf|mlp
