subject,n_test,thr_used,rejection_rate,coverage,acc_accept,ba_accept,acc_forced,ba_forced,ece,experts_kept
subject 04,15,0.5046542564589528,0.13333333333333333,0.8666666666666667,0.7692307692307693,0.7738095238095238,0.7333333333333333,0.7321428571428572,0.21403647363215134,bag|rf|mlp
