subject,n_test,thr_used,rejection_rate,coverage,acc_accept,ba_accept,acc_forced,ba_forced,ece,experts_kept
subject 02,15,0.516869727076305,0.13333333333333333,0.8666666666666667,0.7692307692307693,0.8125,0.6666666666666666,0.6696428571428572,0.1500677923482886,bag|xgb|rf|mlp
