subject,n_test,thr_used,rejection_rate,coverage,acc_accept,ba_accept,acc_forced,ba_forced,ece,experts_kept
subject 07,15,0.512216834524111,0.13333333333333333,0.8666666666666667,0.6923076923076923,0.6785714285714286,0.6,0.5892857142857143,0.06656338002707114,bag|svm|xgb|rf|mlp
