subject,n_test,thr_used,rejection_rate,coverage,acc_accept,ba_accept,acc_forced,ba_forced,ece,experts_kept
subject 26,15,0.5241708678947457,0.13333333333333333,0.8666666666666667,0.6153846153846154,0.6071428571428572,0.5333333333333333,0.5267857142857143,0.12816477683324418,bag|svm|xgb|rf|mlp
