subject,n_test,thr_used,rejection_rate,coverage,acc_accept,ba_accept,acc_forced,ba_forced,ece,experts_kept
subject 03,15,0.5148969041526877,0.06666666666666667,0.9333333333333333,0.7857142857142857,0.7916666666666667,0.7333333333333333,0.7321428571428572,0.17718538545994675,bag|svm|xgb|rf
