subject,n_test,thr_used,rejection_rate,coverage,acc_accept,ba_accept,acc_forced,ba_forced,ece,experts_kept
subject 09,15,0.5108470800102518,0.06666666666666667,0.9333333333333333,0.7142857142857143,0.7083333333333333,0.6666666666666666,0.6607142857142857,0.12088710567820536,bag|svm|xgb|rf|mlp
