subject,n_test,thr_used,rejection_rate,coverage,acc_accept,ba_accept,acc_forced,ba_forced,ece,experts_kept
subject 19,15,0.5104754505524389,0.06666666666666667,0.9333333333333333,0.7857142857142857,0.7857142857142857,0.8,0.7857142857142857,0.23243400192941938,bag|svm|xgb|rf|mlp
