subject,n_test,thr_used,rejection_rate,coverage,acc_accept,ba_accept,acc_forced,ba_forced,ece,experts_kept
subject 25,15,0.5147328276827161,0.13333333333333333,0.8666666666666667,0.7692307692307693,0.8125,0.8,0.8125,0.2601189975069229,bag|svm|xgb|rf|mlp
