subject,n_test,thr_used,rejection_rate,coverage,acc_accept,ba_accept,acc_forced,ba_forced,ece,experts_kept
subject 11,15,0.5037247628154007,0.13333333333333333,0.8666666666666667,0.8461538461538461,0.8452380952380952,0.8666666666666667,0.8660714285714286,0.3495110417535151,bag|svm|xgb|rf|mlp
