subject,n_test,thr_used,rejection_rate,coverage,acc_accept,ba_accept,acc_forced,ba_forced,ece,experts_kept
subject 14,15,0.5069434998336443,0.0,1.0,0.8666666666666667,0.8660714285714286,0.8666666666666667,0.8660714285714286,0.32291793117014,bag|svm|xgb|rf|mlp
